timestamp,session_id,user_message,assistant_message
2026-03-31T16:50:19,session_0355533e47ca,"Hi, name is Utkarsh","Hi! I’m your AI Course Recommendation Assistant.

I’ll ask you 5 quick questions and then recommend 5 courses tailored to you.

Question 1 of 5: What is your major or background?"
2026-03-31T16:50:37,session_0355533e47ca,Artificial Intelligence,Question 3 of 5: How much time can you realistically spend on this course?
2026-03-31T16:58:26,session_7f0a4f350704,"Hi, my name is Utkarsh","Hi there! This is Utkarsh. I'll be asking you 5 quick questions to help me recommend courses.

Question 1 of 5: What is your major or background?"
2026-03-31T16:59:57,session_229c7754eae9,Hi I am Utkarsh,"Hi there! Utkarsh here. I'll ask you 5 quick questions, and then based on your answers, I'll recommend some courses for you.

Question 1 of 5: What is your major or background?"
2026-03-31T17:00:45,session_229c7754eae9,Artificial Intelligence,"Got it, Artificial Intelligence.
Question 2 of 5: What topic are you most interested in right now?"
2026-03-31T17:01:55,session_229c7754eae9,Machine Learning,"Great, Machine Learning.
Question 3 of 5: How much time can you realistically spend on this course?"
2026-03-31T17:02:06,session_229c7754eae9,5 hours,"Got it, 5 hours.
Question 4 of 5: What is one skill you want to develop after this course?"
2026-03-31T17:02:26,session_229c7754eae9,Machine Learning,"Got it.
Question 5 of 5: What level are you looking for? Beginner, Intermediate, Advanced, or no preference?"
2026-03-31T17:02:42,session_229c7754eae9,Beginner,"Hello there! I can certainly help you find some excellent beginner-level Machine Learning courses, keeping your Artificial Intelligence background and 5-hour time availability in mind. Here are a few recommendations that align with your goals:

1.  **Introduction to AI** by Google
    *   **Why it fits:** This beginner course directly targets Machine Learning within the broader AI domain, which is perfect for developing your ML skills. At just over 1.25 hours, it's very time-efficient and highly rated at 4.82, offering a focused dive into ML concepts for someone with your AI background.
    *   **Tradeoff:** While titled ""Introduction to AI,"" its specific focus on Machine Learning makes it relevant for skill development rather than a broad overview you might already have.

2.  **Artificial Intelligence Algorithms Models and Limitations** by LearnQuest
    *   **Why it fits:** With your AI background, exploring the underlying algorithms and models is a natural next step for developing Machine Learning skills. This beginner course covers AI algorithms, which are foundational to ML, and fits comfortably within your 5-hour limit at about 2.25 hours. It also has a strong rating of 4.67.

3.  **Exploring Artificial Intelligence Use Cases and Applications** by Amazon Web Services
    *   **Why it fits:** This beginner course is directly in the Machine Learning sub-domain. For someone with an AI background, understanding practical use cases and applications of ML is crucial for skill development. It's incredibly concise, under 10 minutes, making it an excellent, low-commitment option to quickly grasp real-world ML applications and easily fits your time constraint.

These courses provide a great starting point for enhancing your Machine Learning skills within your time availability, building on your existing Artificial Intelligence knowledge. Happy learning!"
2026-03-31T17:32:37,session_abc55d9f4dc0,Hi I am Utkarsh!,"Hi Utkarsh! I’m your AI Course Recommendation Assistant.

I’ll ask you 5 quick questions and then recommend courses that fit your goals.

Question 1 of 5: What is your major or background?
Type your answer."
2026-03-31T17:32:52,session_abc55d9f4dc0,Artificial Intelligence,"Hi Utkarsh! I’m your AI Course Recommendation Assistant.

I’ll ask you 5 quick questions and then recommend courses that fit your goals.

Question 1 of 5: What is your major or background?
Type your answer."
2026-03-31T17:39:14,session_63d7c019f0fe,"Hi, I am Utkarsh","Hi Utkarsh! I’m your AI Course Recommendation Assistant.

I’ll ask you 5 quick questions and then recommend courses that fit your goals.

Question 1 of 5: What is your major or background?
Type your answer."
2026-03-31T17:39:24,session_63d7c019f0fe,Artificial Intelligence,"Got it.

Question 2 of 5: Which area are you most interested in right now?
Choose one:
1. AI / Machine Learning
2. Data Analysis / Visualization
3. Cloud / Deployment
4. Business / Analytics
Or type your own."
2026-03-31T17:39:34,session_63d7c019f0fe,Cloud / Deployment,"Got it.

Question 3 of 5: How much time can you realistically spend on this course?
Choose one:
1. Under 5 hours
2. 5 to 15 hours
3. 15 to 30 hours
4. 30+ hours
Or type your own."
2026-03-31T17:39:42,session_63d7c019f0fe,Under 5 hours,"Got it.

Question 4 of 5: What would you like this course to help you with?
Type your answer."
2026-03-31T17:40:23,session_63d7c019f0fe,Machine Learning,"Got it.

Question 5 of 5: What level are you looking for?
Choose one:
1. Beginner
2. Intermediate
3. Advanced
4. No preference"
2026-03-31T17:40:32,session_63d7c019f0fe,Beginner,"Hello there! I can help you find some great Coursera-style courses on Cloud and Deployment for Machine Learning, especially with your Artificial Intelligence background.

Based on your profile, here are 3 beginner-friendly courses, all under 5 hours, that you might find very useful:

1.  **Deploy and Scale AI Models with Cloud Run**
    *   **Why it fits:** This course is a perfect match for your goals! It directly addresses deploying and scaling AI models using Google Cloud Run, aligning perfectly with your interest in cloud/deployment for machine learning, given your AI background. It's a beginner-level course and only takes about 1 hour to complete, making it highly efficient. Plus, it has an excellent 5.0 rating!

2.  **Innovating with Google Cloud Artificial Intelligence**
    *   **Why it fits:** This beginner course focuses on leveraging Google Cloud for Artificial Intelligence, providing a strong foundation in cloud computing for AI applications. It's a great fit for your AI background and interest in cloud technologies for machine learning. You can complete it in just over an hour, and it holds a strong 4.81 rating.

3.  **AWS Generative AI Lab Series**
    *   **Why it fits:** If you're interested in a specific, cutting-edge area of AI, this course is a fantastic, quick dive into Generative AI on Amazon Web Services (AWS). It's a beginner-level lab series, excellent for hands-on learning, and incredibly short at less than an hour.
    *   **Tradeoff:** While highly relevant to AI and cloud, it focuses specifically on Generative AI rather than broader machine learning deployment.

These courses should give you a practical start in deploying and innovating with AI models on cloud platforms, all within your preferred time commitment and skill level!"
2026-03-31T17:52:45,session_09c4c29716a7,"Hi, I am Utkarsh","Hi Utkarsh! I’m your AI Course Recommendation Assistant.

I’ll ask you 5 quick questions and then recommend courses that fit your goals.

Question 1 of 5: What is your major or background?
Type your answer."
2026-03-31T17:54:53,session_b0a3b6f284e0,"Hi, I am Utkarsh","Hi Utkarsh! I’m your AI Course Recommendation Assistant.

I’ll ask you 5 quick questions and then recommend courses that fit your goals.

Question 1 of 5: What is your major or background?"
2026-03-31T17:55:02,session_b0a3b6f284e0,Artificial Intelligence,"Got it.

Question 2 of 5: Which area are you most interested in right now?
"
2026-03-31T18:02:10,session_38358b5fb5b3,"Hi, I am Utkarsh","Hi Utkarsh! I’m your AI Course Recommendation Assistant.

I’ll ask you 5 quick questions and then recommend courses that fit your goals.

Question 1 of 5: What is your major or background?
Type your answer."
2026-03-31T18:02:20,session_38358b5fb5b3,Artificial Intelligence,"Got it.

Question 2 of 5: Which area are you most interested in right now?
[[OPTIONS:AI / Machine Learning||Data Analysis / Visualization||Cloud / Deployment||Business / Analytics]]"
2026-03-31T18:02:23,session_38358b5fb5b3,Cloud / Deployment,"Got it.

Question 3 of 5: How much time can you realistically spend on this course?
[[OPTIONS:Under 5 hours||5 to 15 hours||15 to 30 hours||30+ hours]]"
2026-03-31T18:02:26,session_38358b5fb5b3,5 to 15 hours,"Got it.

Question 4 of 5: Do you have any preference for the course provider?
[[OPTIONS:Coursera||Google Cloud||IBM||Microsoft||Packt]]"
2026-03-31T18:02:33,session_38358b5fb5b3,IBM,"Got it.

Question 5 of 5: What level are you looking for?
[[OPTIONS:Beginner||Intermediate||Advanced||No preference]]"
2026-03-31T18:02:48,session_38358b5fb5b3,Beginner,"Hello there! I'd be happy to help you find some excellent Coursera courses based on your background in Artificial Intelligence, interest in Cloud/Deployment, beginner level, and preference for IBM courses, all within a 5-15 hour timeframe.

Based on your preferences, here are the top courses that align with your profile:

1.  **Introduction to Cloud Computing**
    *   **Partner:** IBM
    *   **Difficulty:** BEGINNER
    *   **Duration:** 6.61 hours
    *   **Rating:** 4.62
    *   **Why it fits:** This course is a perfect match! It directly addresses your interest in Cloud Computing, comes from your preferred provider IBM, is at the beginner level you requested, and its duration of 6.61 hours falls comfortably within your 5-15 hour availability. It's an ideal starting point for understanding cloud concepts.

2.  **Introduction to Software, Programming, and Databases**
    *   **Partner:** IBM
    *   **Difficulty:** BEGINNER
    *   **Duration:** 4.42 hours
    *   **Rating:** 4.72
    *   **Why it fits:** This IBM course is at a beginner level and provides foundational knowledge in software development and databases. While its duration is slightly under your 5-hour minimum, it's very close. For someone with an AI background interested in deployment, understanding software and database fundamentals is crucial for building and deploying applications, including AI models. It can serve as a strong base before diving deeper into cloud deployment specifics.

These two courses offer a great starting point for your learning journey in cloud and deployment, respecting your provider preference and experience level."
2026-03-31T18:03:09,session_6c7ca5d0851c,"Hi, I am Utkarsh","Hi Utkarsh! I’m your AI Course Recommendation Assistant.

I’ll ask you 5 quick questions and then recommend courses that fit your goals.

Question 1 of 5: What is your major or background?
Type your answer."
2026-03-31T18:03:50,session_6c7ca5d0851c,Artificial Intelligence,"Got it.

Question 2 of 5: Which area are you most interested in right now?
[[OPTIONS:AI / Machine Learning||Data Analysis / Visualization||Cloud / Deployment||Business / Analytics]]"
2026-03-31T18:03:55,session_6c7ca5d0851c,Cloud / Deployment,"Got it.

Question 3 of 5: How much time can you realistically spend on this course?
[[OPTIONS:Under 5 hours||5 to 15 hours||15 to 30 hours||30+ hours]]"
2026-03-31T18:04:01,session_6c7ca5d0851c,15 to 30 hours,"Got it.

Question 4 of 5: Do you have any preference for the course provider?
[[OPTIONS:Coursera||Google Cloud||IBM||Microsoft||Packt]]"
2026-03-31T18:04:02,session_6c7ca5d0851c,IBM,"Got it.

Question 5 of 5: What level are you looking for?
[[OPTIONS:Beginner||Intermediate||Advanced||No preference]]"
2026-03-31T18:04:24,session_6c7ca5d0851c,Beginner,"Hello there! I'd be happy to help you find some relevant courses. Given your background in Artificial Intelligence, interest in Cloud / Deployment, preference for IBM, and beginner level, here are a few recommendations that align with your goals and time availability (15-30 hours):

1.  **Introduction to Cloud Computing**
    *   **Partner:** IBM
    *   **Difficulty:** BEGINNER
    *   **Hours:** 6.61
    *   **Rating:** 4.62
    *   **Why it fits:** This course is an excellent starting point as it directly covers **Cloud Computing** at a **Beginner** level and is offered by **IBM**, your preferred provider. Its duration fits perfectly within your available time, giving you a solid foundation in the topic you're interested in.

2.  **Introduction to AI and Machine Learning on Google Cloud**
    *   **Partner:** Google Cloud
    *   **Difficulty:** BEGINNER
    *   **Hours:** 5.28
    *   **Rating:** 4.59
    *   **Why it fits:** This course is highly relevant as it combines your **Artificial Intelligence background** with practical applications in **Cloud Computing**, specifically focusing on AI and Machine Learning workflows. It's a **Beginner** friendly course and takes about 5.3 hours.
    *   **Tradeoff:** While excellent for combining AI and Cloud, it is offered by Google Cloud rather than your preferred provider, IBM.

3.  **Introduction to Software, Programming, and Databases**
    *   **Partner:** IBM
    *   **Difficulty:** BEGINNER
    *   **Hours:** 4.42
    *   **Rating:** 4.72
    *   **Why it fits:** Offered by **IBM** at a **Beginner** level, this course provides foundational knowledge in **Software Development** and includes skills related to Artificial Intelligence, connecting to your background. Understanding software development is crucial for effective **deployment strategies**, making it a valuable addition to your learning path.

These three courses combined would take approximately 16.3 hours, leaving you with flexibility within your 15-30 hour time availability. Happy learning!"
